{"_runtime":358.8270481,"_wandb":{"runtime":358},"_step":5193,"value_loss":458.14208984375,"q_loss":4165.974609375,"actor_loss":69.94024658203125,"_timestamp":1.7534168121450763e+09}